Page,Visitors,Total
"/best-asphalt-driveway-sealer-reviews",47,53
"/silane-vs-siloxane-sealers",23,24
"/best-garage-floor-epoxy",21,26
"/best-deck-stain-reviews",19,24
"/best-shop-vac",18,22
"/best-exterior-caulk",15,16
"/best-deck-sealant",14,16
"/best-concrete-driveway-sealer-reviews",12,20
"/how-much-does-it-cost-to-seal-a-driveway",12,16
"/best-granite-sealer",11,14
"/milwaukee-vs-dewalt",11,12
"/how-to-waterproof-a-basement",10,10
"/",9,10
"/best-ceiling-paint",9,13
"/best-deck-paint",9,9
"/best-self-propelled-lawn-mower",9,11
"/epoxy-garage-floor-cost",9,16
"/how-to-remove-moss-from-asphalt-driveway",9,13
"/when-should-you-seal-a-new-asphalt-driveway",9,10
"/best-cinder-block-sealer-reviews",8,10
"/best-driveway-crack-filler",8,10
"/best-driveway-sealer",8,13
"/best-basement-wall-sealer",7,9
"/best-deck-stain-for-pressure-treated-wood",7,7
"/how-to-seal-a-driveway",7,7
"/ryobi-tools-review",7,8
"/best-brush-for-water-based-polyurethane",6,6
"/best-chainsaw",6,6
"/best-home-generator-for-power-outages",6,6
"/best-marble-sealer",6,6
"/best-polymeric-sand",6,6
"/best-portable-power-station",6,6
"/best-stamped-concrete-sealer",6,6
"/best-zero-turn-mower",6,7
"/how-to-use-polymeric-sand",6,8
"/shop-vac-filters-explained",6,7
"/best-dehumidifier-for-basement",5,5
"/best-gas-lawn-mowers",5,6
"/best-paver-sealer",5,5
"/best-redwood-sealer",5,5
"/best-torque-wrench",5,5
"/how-long-for-driveway-sealer-to-dry",5,6
"/sealing-asphalt-driveway-pros-and-cons",5,5
"/best-asphalt-sealer",4,4
"/best-concrete-floor-paint",4,4
"/best-polyurethane-for-stairs",4,4
"/how-often-should-you-seal-your-driveway",4,4
"/how-to-remove-oil-stains-from-driveway",4,4
"/how-to-remove-polymeric-sand-haze-from-pavers",4,5
"/how-to-stain-a-deck",4,4
"/oil-based-vs-water-based-driveway-sealer",4,4
"/best-compact-tractor",3,3
"/best-concrete-floor-coating",3,3
"/best-cordless-leaf-blower",3,3
"/best-driveway-cleaner",3,3
"/best-electric-pressure-washer",3,3
"/best-garage-floor-coating",3,4
"/best-garage-floor-tiles",3,5
"/best-gas-water-heater",3,3
"/best-grass-seed",3,3
"/best-ice-melt-for-concrete",3,5
"/best-polymeric-sand-for-pavers",3,4
"/best-push-mower",3,3
"/best-stud-finder",3,3
"/best-surface-cleaner-for-pressure-washer",3,4
"/best-time-to-seal-driveway",3,5
"/best-vinyl-plank-flooring",3,3
"/best-water-softener-system",3,4
"/best-weed-killer",3,3
"/buzz-cut-guide",3,3
"/can-you-use-a-shop-vac-without-a-filter",3,4
"/do-you-need-to-sand-a-deck-before-staining",3,3
"/driveway-sealer-tire-marks",3,3
"/generac-generator-cost",3,5
"/how-to-apply-paver-sealer",3,4
"/how-to-caulk-exterior-windows",3,3
"/how-to-seal-a-concrete-driveway",3,3
"/how-to-vacuum-water-with-a-shop-vac",3,3
"/latex-ite-driveway-sealer-review",3,3
"/polymeric-sand-vs-regular-sand-for-pavers",3,7
"/rust-oleum-epoxyshield-review",3,3
"/sand-additive-for-driveway-sealer",3,3
"/what-temperature-to-seal-driveway",3,4
"/armor-ar350-concrete-sealer-review",2,2
"/asphalt-repair",2,2
"/basement-floor-sealer",2,3
"/best-air-purifier-for-mold",2,2
"/best-asphalt-crack-filler",2,2
"/best-basement-waterproofing-systems",2,2
"/best-brick-sealer-reviews",2,3
"/best-concrete-sealer",2,2
"/best-cordless-tool-brand",2,2
"/best-drill-press",2,3
"/best-dual-fuel-generator",2,2
"/best-exterior-wood-sealer",2,3
"/best-leaf-blower",2,2
"/best-mens-back-shavers",2,3
"/best-paint-for-cinder-block",2,2
"/best-rice-cooker",2,2
"/best-riding-lawn-mower",2,2
"/best-robot-vacuum",2,2
"/best-ryobi-one-plus-tools",2,2
"/best-small-generator-for-home",2,2
"/best-tankless-water-heater",2,2
"/best-water-based-paver-sealer-reviews",2,2
"/best-weed-eater",2,2
"/can-you-seal-a-cracked-asphalt-driveway",2,3
"/commercial-asphalt-sealer",2,2
"/deck-stain-drying-time",2,2
"/driveway-sealer-calculator",2,2
"/how-long-do-robot-vacuums-last",2,2
"/how-long-does-caulk-take-to-dry",2,2
"/how-to-fix-a-damp-basement",2,2
"/how-to-shave-back-hair",2,2
"/polyaspartic-floor-coating",2,3
"/polyurea-garage-floor-coating",2,2
"/shop-vac-cfm-vs-horsepower",2,2
"/tekton-vs-snap-on",2,2
"/6-point-vs-12-point-sockets",1,1
"/acrylic-vs-asphalt-emulsion-driveway-sealer",1,1
"/are-portable-power-stations-safe-indoors",1,1
"/basement-waterproofing-cost",1,1
"/best-air-purifier-for-home",1,1
"/best-basement-floor-paint",1,1
"/best-battery-powered-lawn-mower",1,1
"/best-benchtop-planer",1,1
"/best-chimney-sealer",1,2
"/best-cordless-drills",1,1
"/best-deck-cleaner",1,1
"/best-drain-snake",1,1
"/best-drywall-sander",1,1
"/best-electric-kettle",1,1
"/best-fence-stain",1,2
"/best-flagstone-sealer",1,2
"/best-garden-hose",1,2
"/best-gutter-guards",1,1
"/best-heat-pump-water-heater",1,1
"/best-home-gym-equipment-on-a-budget",1,1
"/best-laminate-flooring",1,1
"/best-laser-level",1,1
"/best-oil-stain-remover-for-concrete",1,1
"/best-paint-sprayer",1,2
"/best-palm-sander",1,1
"/best-penetrating-concrete-sealer",1,1
"/best-portable-generator",1,1
"/best-pressure-washer",1,1
"/best-tile-leveling-system",1,1
"/best-whole-house-surge-protector",1,1
"/best-wood-router",1,1
"/blacktop-driveway-sealer",1,1
"/blacktop-sealer-cost",1,1
"/brush-vs-roller-vs-sprayer-deck-stain",1,1
"/can-a-generator-power-a-furnace-refrigerator-and-sump-pump",1,1
"/can-a-portable-generator-power-an-electric-water-heater",1,1
"/can-you-epoxy-over-a-painted-garage-floor",1,1
"/can-you-run-a-generator-in-the-rain",1,1
"/contact",1,1
"/cordless-tool-batteries-explained",1,1
"/deck-stain-colors-guide",1,1
"/dewalt-vs-makita",1,1
"/does-flex-seal-work-on-concrete",1,1
"/driveway-crack-repair",1,1
"/driveway-resealing",1,1
"/drylok-review",1,1
"/drylok-vs-flex-seal",1,1
"/drylok-vs-radonseal",1,1
"/efflorescence-on-basement-walls",1,1
"/epoxy-floor-colors",1,1
"/epoxy-flooring",1,1
"/epoxy-garage-floor-peeling",1,1
"/epoxy-vs-polyaspartic-garage-floor",1,1
"/epoxy-vs-polyurea-garage-floor-coating",1,1
"/front-wheel-vs-rear-wheel-drive-lawn-mower",1,1
"/garage-floor-coating-cost",1,1
"/garage-floor-epoxy-colors",1,1
"/garage-floor-paint-vs-epoxy",1,1
"/garage-flooring-options",1,1
"/generator-wattage-chart",1,1
"/hammer-drill-vs-drill-driver",1,2
"/hot-tire-pickup-epoxy-garage-floor",1,1
"/how-long-does-spackle-take-to-dry",1,1
"/how-many-coats-of-driveway-sealer",1,1
"/how-to-apply-garage-floor-epoxy",1,1
"/how-to-clean-a-deck",1,1
"/how-to-damp-proof-a-basement-from-the-inside",1,1
"/how-to-get-oil-out-of-concrete",1,1
"/how-to-prep-a-deck-for-staining",1,1
"/how-to-prepare-concrete-for-epoxy",1,1
"/how-to-seal-epoxy-garage-floor",1,1
"/how-to-stain-concrete-patio-to-look-like-stone",1,1
"/induction-vs-universal-motor-pressure-washer",1,1
"/paver-sand-vs-play-sand",1,1
"/polymeric-sand-installation-mistakes",1,1
"/privacy-policy",1,1
"/rain-after-driveway-sealing",1,1
"/rain-after-staining-a-deck",1,1
"/robot-vacuum-vs-regular-vacuum",1,1
"/rust-converter-vs-rust-remover",1,1
"/sealing-old-concrete",1,1
"/shop-vac-vs-dust-extractor",1,2
"/spackle-vs-putty",1,1
"/what-is-paver-sand",1,1