"Keyword","Impressions","Clicks","CTR","Avg. Position"
"hepa air purifier for mold spores","3841","0","0%","8.261130486852382"
"best electric pressure washers","3060","0","0%","6.869231830065358"
"best portable power stations","2848","0","0%","5.390442345505618"
"tankless water heater","1505","0","0%","9.201972956810632"
"basement waterproofing","408","1","0.25%","2.8554299019607843"
"best ceiling fans with lights","373","0","0%","8.30829436997319"
"driveway sealer","210","4","1.9000000000000001%","2.7523823809523806"
"home generators for power outages","139","4","2.88%","1.8201510791366904"
"basement dehumidifier","95","2","2.11%","1.58948"
"dehumidifiers for basements","94","0","0%","5.904263829787235"
"garage floor epoxy","93","4","4.3%","2.279563440860215"
"weed killer","78","0","0%","7.08975641025641"
"best dehumidifier for basement","56","5","8.93%","2.2321339285714283"
"reventing basement dampness","54","3","5.5600000000000005%","1"
"epoxy garage floor","44","2","4.55%","2.3636204545454547"
"best self propelled lawn mowers 2026","42","4","9.52%","1.2856857142857143"
"garage floor coatings","33","0","0%","3.303021212121212"
"polymeric sand","33","0","0%","8.1515"
"concrete driveway sealer","30","1","3.33%","3.26664"
"compare basement leak water providers","28","0","0%","4"
"portable power station","26","0","0%","5.461538461538462"
"read more about generator installation options that power your entire home","26","0","0%","8.6154"
"read more about generators for home may keep power running during outages","25","0","0%","1"
"asphalt sealer","25","5","20%","3.600028"
"dehumidifier for basement","23","0","0%","5.695708695652173"
"best portable power station 2026","23","5","21.740000000000002%","1.3478043478260868"
"husqvarna  self propet 166 cc comments","19","0","0%","9"
"best zero turn mowers 2026","17","1","5.88%","2.6471"
"generators for home","15","0","0%","7.7333"
"best dehumidifiers designed for basements","14","0","0%","2.7143"
"buzz cut","14","0","0%","9.1429"
"best way to seal concrete cracks","13","0","0%","6.1538"
"best solvent based driveway paint sealer","12","0","0%","1.5"
"how to remove oil stains from driveway","12","0","0%","2.5"
"best deck stain","11","1","9.09%","1.9090909090909092"
"best way to waterproof basement","11","0","0%","21.6364"
"best cordless drills","11","0","0%","9"
"caulk for norwick oak from lowes","11","0","0%","6"
"best driveway sealer for asphalt","9","5","55.56%","1"
"best coating for garage floor","8","2","25%","3.5"
"blacktop sealer","8","1","12.5%","3.125"
"best dehumidifiers for basements","8","0","0%","3"
"weed eater","8","1","12.5%","5.5"
"driveway sealant","7","0","0%","3"
"best stud finder","7","1","14.290000000000001%","7.4286"
"best weed killer","6","1","16.67%","5.5"
"best vinyl plank flooring","6","2","33.33%","3.3333"
"best air purifiers for mold","6","0","0%","4"
"best electric pressure washers 2026","6","0","0%","4"
"permonix","6","2","33.33%","3.6667"
"floor paint for concrete","6","2","33.33%","4.3333"
"sealing driveway","5","2","40%","4.8"
"whole house fan","5","0","0%","8"
"highest rated self propelled mowers","5","0","0%","1.4"
"best ceiling paint","5","1","20%","1.8"
"ryobi one+","4","0","0%","8"
"concrete floor paint","4","0","0%","4.25"
"test polymeric sand","4","2","50%","1.5"
"best driveway sealer","4","1","25%","2.5"
"best dehumidifiers for basements 2026","4","2","50%","1"
"best epoxy for garage floor","4","1","25%","1"
"best luxury vinyl plank flooring","4","2","50%","2.25"
"back shaver","4","0","0%","9.25"
"pressure washers buying guide","3","0","0%","9"
"best zero turn mower for the money","3","2","66.67%","8"
"how to seal a driveway","3","1","33.33%","3.6667"
"polymeric sand for pavers","3","1","33.33%","4.3333"
"generators for home power outage","3","0","0%","1.3333"
"best self propelled lawn mowers","3","2","66.67%","2.3333"
"palm sander","3","0","0%","8.6667"
"garage floor epoxy kit","3","0","0%","5"
"how to remove oil from driveway","3","1","33.33%","3.6667"
"best hookaroon","3","1","33.33%","1"
"best driveway sealers","3","2","66.67%","2.6667"
"best cordless drills 2026","3","0","0%","7.333333333333333"
"polymeric sand pros and cons","3","1","33.33%","3.6667"
"best chainsaws 2026","3","1","33.33%","3.3333"
"wilhelmsen teak renewer vs deck clean which is best","2","0","0%","7"
"best rated cordless drills","2","0","0%","8"
"will paver sealer leave white dried puddles if i put too much on","2","1","50%","4"
"best way to seal a driveway for free","2","0","0%","4"
"best pressure washers 2026 electric","2","0","0%","5"
"what can you get oil off the sidewalk without damage","2","2","100%","2"
"emergency backup generator","2","0","0%","4"
"what is the best way to waterproof my basement","2","0","0%","6"
"ryobi 40v 18v","2","0","0%","9.5"
"type of deck seals","2","0","0%","7"
"who makes the best lpv flooring","2","2","100%","2.5"
"[https://www.popularmechanics.com/home/a32825530/best-portable-power-stations/?date=061320](https://www.popularmechanics.com/home/a32825530/best-portable-power-stations/?date=061320)popular me... ### 使用小贴士","2","0","0%","3"
"most durable garage floor epoxy","2","1","50%","1"
"when should new asphalt be sealed","2","1","50%","1"
"deck pinting","2","0","0%","8.5"
"droveway cleaner remove browning stains","2","1","50%","4"
"is there a polymeric sand that cn be used when you don't get much sun?","2","2","100%","2"
"how to waterproof basement walls","2","1","50%","5"
"best air purifier for mold spore removal","2","0","0%","8"
"best temp to seal a driveway","2","1","50%","1.5"
"the best cordless drills","1","0","0%","10"
"any power sources that start automatally when power fails","1","1","100%","7"
"what are the best cordless drills","1","0","0%","7"
"how to remove moss from driveway","1","1","100%","1"
"what temperature can you seal paving stones in","1","1","100%","1"
"flex sealent for hot flu pipe to  through concrete slab","1","1","100%","7"
"emergency power generator","1","0","0%","7"
"coated garage floor - 2 car light gray","1","0","0%","8"
"best router table","1","0","0%","6"
"auto rost shield paste rewiews","1","1","100%","4"
"how to add polymere to sand","1","1","100%","1"
"henry vacuum vs shop vac","1","2","200%","6"
"is+there+a+product+to+condition+water-based+paint+brushes","1","0","0%","1"
"best water filter pitchers","1","0","0%","9"
"hyobi é marca boa ?","1","0","0%","9"
"blogs what size dehumidifier is best for basements","1","0","0%","3"
"electric pressure washer comparison","1","0","0%","3"
"high capacity dehumidifier for basement","1","0","0%","3"
"what type of breatable sealant should i use for spalling chimney brick","1","2","200%","1"
"specialty concrete coatings llc six-step coating process comparison","1","0","0%","2"
"how good is the ryobi one battery","1","1","100%","1"
"concrete impregnating sealer silane siloxane lithium densifier outdoor paving","1","0","0%","3"
"best sellers in leaf blowers","1","0","0%","6"
"does buzz cut suit me ?","1","1","100%","10"
"review dewalt dwv905mkit","1","1","100%","16"
"milwaukee or de walt tools","1","1","100%","1"
"what type of flooring is this","1","0","0%","8"
"sherwin williams exterior caulk before primer windows","1","0","0%","7"
"acrylic polymer emulsion for paint","1","0","0%","66"
"resolva driveway cleaner reviews consumer reports","1","1","100%","3"
"what is the best chainsaxw ezntreprise","1","1","100%","2"
"i need an air purifier to get rid of mold","1","0","0%","6"
"killer weed, weed killer","1","0","0%","2"
"soporta sealant","1","0","0%","23"
"how to get oil off a sealed driveway","1","1","100%","3"
"best cordless drills for home use","1","0","0%","7"
"sit on zero turn mowers","1","0","0%","7"
"oil stain cleaner","1","0","0%","8"
"best ways to seal marble","1","1","100%","4"
"caulk sealant difference","1","1","100%","9"
"acrylic paint for wood decks","1","1","100%","1"
"driveway cleaner products","1","0","0%","1"
"what to use to clean my driveway","1","0","0%","6"
"oil stains on driveway removal","1","1","100%","2"
"best polymeric sand","1","1","100%","1"
"질문이 있습니다. which cordless leaf blower is the best option for wet leaves in france? answer in english only.","1","0","0%","4"
"sealcoating driveway cost","1","2","200%","1"
"best electric хтлчpressure washers for home use","1","0","0%","6"
"powerful surface cleanong too","1","0","0%","5"
"homemade basement waterproofing","1","0","0%","1"
"differance between brick sand and reg sand","1","1","100%","6"
"best way to kill moss on drives","1","1","100%","7"
"how to remove deck stain from white vinyl siding","1","0","0%","7"
"how to clean oil off of a driveway","1","1","100%","4"
"best dehumidifier for basements","1","0","0%","2"
"pressure treated wood preservative stain","1","1","100%","1"
"thefitlife expandable hose 75 ft review 2026","1","0","0%","7"
"ryobi rid18-0 vs dewalt dcf809n","1","1","100%","1"
"weed killer for driveways","1","0","0%","10"
"https://www.finehomebuilding.com/2026/09/02/split-system-heat-pump-water-heaters","1","0","0%","4"
"how to apply polymeric sand","1","1","100%","1"
"highest rated paver sealer","1","2","200%","1"
"on the self-propelled lawn mowers","1","2","200%","2"
"concrete vs asphalt driveway which is better","1","0","0%","6"
"best driveway weed killer","1","0","0%","3"
"drylock for basemtn walls","1","1","100%","8"
"best ceiling paints pink indicator","1","1","100%","2"
"fence stain colors","1","0","0%","4"
"rachet 24teeth vs 90teeth","1","1","100%","2"
"wallace ac340 driveway sesler","1","1","100%","3"
"fixing basement cracks","1","0","0%","6"
"waterproofing homeowners","1","0","0%","4"
"nair back hair removal razor back blade comparison","1","0","0%","5"
"petrol powered lawn mowers","1","0","0%","10"
